id;name;title;description;created_by;created_date;last_modified_by;last_modified_date
1;withdrawal frictionl;Realigned Mouse neutral;programming Rubber Fresh;sky;2022-02-21T03:41:47;Computer Account Lodge;2022-02-20T22:58:28
2;Refined;Steel Cape;multi-byte;multi-tasking exuding;2022-02-20T12:08:28;integrated Nakfa Wooden;2022-02-20T16:41:20
3;(customarily;exploit application scalable;Practical monitor Sweden;state bluetooth Coordinator;2022-02-20T15:34:10;Dollar;2022-02-20T10:28:03
4;payment Chair logist;Towels;silver empowering;client-driven Soap;2022-02-21T01:20:14;non-volatile Ethiopia;2022-02-20T14:06:06
5;Valley Avon Assuranc;hardX;AccountXXX;back iterate;2022-02-20T15:13:34;connecting;2022-02-20T21:44:46
6;bandwidth;systems Hat;mobileXXXX;PCI back-end;2022-02-20T07:16:03;Dynamic Monaco;2022-02-20T20:15:31
7;Dynamic;Keyboard moratorium Engineer;Metal Pula;THX;2022-02-21T00:18:05;Rial Outdoors Aruban;2022-02-20T08:21:17
8;next-generation;connect Rustic;DollarXXXX;copy Greenland Koruna;2022-02-20T23:50:21;Louisiana Table;2022-02-20T08:30:48
9;Accounts Generic;Re-engineered;navigating Dinar;Fresh;2022-02-20T13:43:58;Home hacking Parkways;2022-02-20T13:21:34
10;FTP;IB Rapid;DollarXXXX;24/7 platforms enhance;2022-02-20T18:49:07;Directives;2022-02-20T11:19:26
